학교명,학제,설립구분,시,지역,학교홈페이지,평균등록금(원),교외장학금 국가,교외장학금 지방자치단체,교외장학금 사설및기타,교내장학금 성적우수장학금,교내장학금 근로장학금,교내장학금 기타장학금
가야대학교,대학교,사립,"경남, 경북","김해시, 고령군",www.kaya.ac.kr,6833450,4701192873,5438560,46300000,592548990,117497462,474536000
가천대학교,대학교,사립,경기,성남시,www.gachon.ac.kr,8330044,38565866879,97550440,1361531940,6279840000,1445094011,11842199040
가톨릭관동대학교,대학교,사립,강원,강릉시,www.cku.ac.kr,7185831,17562903302,430489570,664507320,2045134790,236506774,3206513498
가톨릭꽃동네대학교,대학교,사립,충북,청주시,www.kkot.ac.kr,7397204,1572115751,2330640,79208000,96244000,125041136,161735634
가톨릭대학교,대학교,사립,"서울, 경기","부천시, 서초구, 종로구",www.catholic.ac.kr,7314392,15553160356,86756476,963476924,3885018100,574840354,2420531904
가톨릭상지대학교,전문대학,사립,경북,안동시,www.csj.ac.kr,5840060,5125293760,0,72665000,217243000,22122546,1370014779
감리교신학대학교,대학교,사립,서울,서대문구,www.mtu.ac.kr,6470097,2222984708,20500000,247130731,230396800,47354712,50694000
강남대학교,대학교,사립,경기,용인시,www.kangnam.ac.kr,7535147,15180780166,6390600,148817000,2261507500,298030334,1366382590
강동대학교,전문대학,사립,충북,음성군,www.gangdong.ac.kr,5801738,9016787166,40880870,77330000,232470500,47429122,1680149857
강릉영동대학교,전문대학,사립,강원,강릉시,www.gyc.ac.kr,6042265,6566183864,174876700,94691500,369362700,29593426,1125749640
강릉원주대학교,대학교,국립,강원,"강릉시, 원주시",www.gwnu.ac.kr,4262795,15808507400,181444580,464545160,2833921270,507173000,1483084310
강원관광대학교,전문대학,사립,강원,태백시,www.kt.ac.kr,5487000,845322600,482790000,4000000,73850000,0,128049000
강원대학교,대학교,국립,강원,"춘천시, 삼척시",www.kangwon.ac.kr/,4145285,37080248970,2787591340,1997861499,4548543150,3226232940,2483004396
거제대학교,전문대학,사립,경남,거제시,www.geoje.ac.kr,6212299,2855626117,3000000,27200000,124495500,47027648,398503100
건국대학교,대학교,사립,"충북, 서울","광진구, 충주시",www.konkuk.ac.kr,8239083,26604268335,434129694,2942364236,6545176832,771408224,3955646433
건양대학교,대학교,사립,"충남, 대전","논산시, 서구",www.konyang.ac.kr,6836154,15626999996,9132440,492723700,5173195930,184969464,1622340040
경기과학기술대학교,전문대학,사립,경기,시흥시,www.gtec.ac.kr,6449584,12387700538,54270080,157822849,596880500,191535532,3325098212
경기대학교,대학교,사립,"서울, 경기","수원시, 서대문구",www.kyonggi.ac.kr,7340254,30904994409,216207910,339447000,7531619800,814303600,4669131401
경남대학교,대학교,사립,경남,창원시,www.kyungnam.ac.kr,6535666,23000570147,42846740,403541000,4219456100,728259756,5252607090
경남정보대학교,전문대학,사립,부산,사상구,www.kit.ac.kr,6184280,19618912807,43310280,201953000,846490800,222563752,3313932100
경동대학교,대학교,사립,"강원, 경기","고성군, 속초시, 원주시, 양주시",www.kduniv.ac.kr,8292563,17417265407,415343600,170135000,693761900,8400000,5190306820
경민대학교,전문대학,사립,경기,의정부시,www.kyungmin.ac.kr,6519835,13127156503,586682350,104925554,451758000,272533452,2395647470
경복대학교,전문대학,사립,경기,남양주시,www.kbu.ac.kr,6417120,18860516686,45612300,86770300,194749000,404431364,3235484546
경북과학대학교,전문대학,사립,경북,칠곡군,www.kbsc.ac.kr,5750261,4848007871,0,7000000,147351000,3154414,2033572160
경북대학교,대학교,국립,대구,북구,www.knu.ac.kr,4499843,41995581412,61125980,2976989350,6901994600,1753948070,2262028590
경북보건대학교,전문대학,사립,경북,김천시,www.gch.ac.kr,5612046,3518085306,8592380,38590378,357897200,124299344,444239210
경북전문대학교,전문대학,사립,경북,영주시,www.kbc.ac.kr,5785792,8449392300,6516880,29135000,409994000,111830990,1723433950
경상국립대학교,대학교,국립,경남,진주시,www.gnu.ac.kr,4042102,30664005292,198544620,958753680,3861367230,1707913842,1125682860
경성대학교,대학교,사립,부산,남구,ks.ac.kr,6576506,28881408517,147004330,397812930,4232496400,431330872,4134053030
경운대학교,대학교,사립,경북,구미시,www.ikw.ac.kr,7714151,12380277362,138845720,49920000,641926000,274978196,5254294469
경인여자대학교,전문대학,사립,인천,계양구,www.kiwu.ac.kr,6258246,12236288274,1530000,41732000,683485000,291255786,2072387300
경일대학교,대학교,사립,경북,경산시,www.kiu.ac.kr,7376019,20689257624,8030880,159579500,2160935100,351463486,3804100610
경주대학교,대학교,사립,경북,경주시,www.gju.ac.kr,7220827,619237407,0,11600000,62418000,27159028,1583032500
경희대학교,대학교,사립,서울,동대문구,www.khu.ac.kr,7991355,43310114133,379633340,3000868177,9223085908,560974850,11262940624
계명대학교,대학교,사립,대구,달서구,www.kmu.ac.kr,7279405,54009173885,153699890,771666681,11627885300,1855773718,9094094724
계명문화대학교,전문대학,사립,대구,달서구,www.kmcu.ac.kr,5960246,15784929898,19562560,71940000,437619140,453913502,3566830610
계원예술대학교,전문대학,사립,경기,의왕시,www.kaywon.ac.kr,7650237,7513957894,9000000,66310000,821180000,412540076,382942800
고구려대학교,전문대학,사립,전남,나주시,www.kgrc.ac.kr,4417214,2158303800,0,3000000,56030000,0,2216244500
고려대학교,대학교,사립,"세종, 서울","성북구, 조치원읍",www.korea.ac.kr,8372225,27944991316,892313890,7762411212,2358250700,3880231891,13323271742
고신대학교,대학교,사립,부산,영도구,www.kosin.ac.kr,6654016,9839044235,31415240,558070600,1268873500,308642664,1429282992
공주대학교,대학교,국립,충남,공주시,www.kongju.ac.kr,3828317,24689803735,215676950,342895420,3817786000,1111624950,1516302418
광신대학교,대학교,사립,광주,북구,www.kwangshin.ac.kr,5967803,1664118220,0,24700000,7652000,24691380,455320600
광양보건대학교,전문대학,사립,전남,광양시,www.gy.ac.kr,5608630,10900000,0,0,0,0,20750000
광운대학교,대학교,사립,서울,노원구,www.kw.ac.kr,7885046,15395097703,68986260,386424500,2953939500,1327602782,3234786550
광주대학교,대학교,사립,광주,남구,www.gwangju.ac.kr,6591901,18679354298,46662200,196720000,1582364570,159724272,4363592010
광주보건대학교,전문대학,사립,광주,광산구,www.ghu.ac.kr,5183650,10483041269,10316400,54000000,693697400,63520506,474936500
광주여자대학교,대학교,사립,광주,광산구,www.kwu.ac.kr,6311353,12437780111,37385600,153464500,1153189160,305346320,2117659950
구미대학교,전문대학,사립,경북,구미시,www.gumi.ac.kr,5871705,19099456969,62026140,55984000,303042500,504463116,7086004490
국민대학교,대학교,사립,서울,성북구,www.kookmin.ac.kr,7976046,32222895918,568318910,2221634470,4916183000,1640862192,7882434350
국제대학교,전문대학,사립,경기,평택시,www.kookje.ac.kr,6682105,7395534307,5967300,62622600,341153500,150588563,1338072550
군산간호대학교,전문대학,사립,전북,군산시,www.kcn.ac.kr,6353625,2881429504,0,22500000,169808334,23065001,330800000
군산대학교,대학교,국립,전북,군산시,www.kunsan.ac.kr,3918285,13692220085,212769000,227594200,1940799800,234849130,1059399920
군장대학교,전문대학,사립,전북,군산시,www.kunjang.ac.kr,5813980,5102820621,7600000,47300000,73012500,16774872,1144060750
극동대학교,대학교,사립,충북,음성군,www.kdu.ac.kr,7581231,8034680921,7000000,52807000,1073316100,315941204,1266257000
금강대학교,대학교,사립,충남,논산시,www.ggu.ac.kr,6598000,522688590,0,5682000,789006000,43267960,246985378
금오공과대학교,대학교,국립,경북,구미시,www.kumoh.ac.kr,3765638,11830888803,24499980,481110350,1049612020,342959722,707617990
기독간호대학교,전문대학,사립,광주,남구,ccn.ac.kr,5363375,1579967923,0,14953128,142123000,11886862,95294846
김천대학교,대학교,사립,경북,김천시,www.gimcheon.ac.kr,7114508,6386279578,776880,127314915,641582001,113706249,3558440509
김포대학교,전문대학,사립,경기,김포시,ukp.ac.kr,6453746,5591284048,5100600,126643900,192035500,26783862,919111700
김해대학교,전문대학,사립,경남,김해시,www.gimhae.ac.kr,5925590,5279854566,10590420,87000000,262390000,120447624,842007000
나사렛대학교,대학교,사립,충남,천안시,www.kornu.ac.kr,7207401,15158856292,11100600,165950000,2775402000,306566188,1393057050
남부대학교,대학교,사립,광주,광산구,www.nambu.ac.kr,6545359,7756804486,2500000,68111250,556758000,51603464,2401867900
남서울대학교,대학교,사립,충남,천안시,www.nsu.ac.kr/,7924049,22989838618,59306130,259866100,4410669150,219971264,2898773750
농협대학교,전문대학,사립,경기,고양시,www.nonghyup.ac.kr,4982667,646427218,5128560,17444000,156032000,10606142,123036000
단국대학교,대학교,사립,"충남, 경기","용인시, 천안시",www.dankook.ac.kr,8073411,47759877507,155146740,1236818110,2154722484,503333458,16113787423
단국대학교,대학교,사립,"충남, 경기","용인시, 천안시",www.dankook.ac.kr,8222972,47759877507,155146740,1236818110,2154722484,503333458,16113787423
대경대학교,전문대학,사립,경북,경산시,www.tk.ac.kr,6259436,11821766253,13256680,32310900,229920330,115594396,4697528470
대구가톨릭대학교,대학교,사립,경북,경산시,www.cu.ac.kr,7257370,32729308250,53216930,333563000,3456575925,1247607470,6890625740
대구공업대학교,전문대학,사립,대구,달서구,www.ttc.ac.kr,5831269,3800376408,0,14500000,108754000,88529512,1705962130
대구과학대학교,전문대학,사립,대구,북구,www.tsu.ac.kr,5779091,15123440328,3092160,51560000,772252860,315365002,3487990660
대구대학교,대학교,사립,경북,경산시,www.daegu.ac.kr,6922821,49768120575,511149710,1623239698,8352595070,1213819734,3564391429
대구보건대학교,전문대학,사립,대구,북구,www.dhc.ac.kr,6228972,21092021470,20110120,109000000,1111976500,1107207316,2661470200
대구예술대학교,대학교,사립,경북,칠곡군,www.dgau.ac.kr,8306676,1603721984,1438560,13300000,115351000,84508236,343694340
대구한의대학교,대학교,사립,경북,경산시,www.dhu.ac.kr,7270124,18535035438,245787380,396461380,1215400760,560465602,4783886980
대덕대학교,전문대학,사립,대전,유성구,www.ddu.ac.kr,5767082,5996348159,1827180,25580000,321216870,75723916,1402282570
대동대학교,전문대학,사립,부산,금정구,www.daedong.ac.kr,6011923,4032616508,15851840,59240260,484396000,32426136,493953200
대림대학교,전문대학,사립,경기,안양시,www.daelim.ac.kr,6740121,18929833227,6825200,345955500,2327019600,713132562,1752006510
대신대학교,대학교,사립,경북,경산시,www.daeshin.ac.kr,6545690,1959473360,0,20080000,0,35319610,291761500
대원대학교,전문대학,사립,충북,제천시,www.daewon.ac.kr,5967533,6276260138,369943280,33046300,318656000,55929642,652694040
대전가톨릭대학교,대학교,사립,세종,전의면,dcatholic.ac.kr,5760000,62265000,0,2000000,0,3000000,0
대전과학기술대학교,전문대학,사립,대전,서구,www.dst.ac.kr,5893710,11276085370,9622480,75597000,297441670,71657020,2425714930
대전대학교,대학교,사립,대전,동구,www.dju.ac.kr,7382967,20898675836,10212480,247466300,2510317000,852402198,4912443193
대전보건대학교,전문대학,사립,대전,동구,www.hit.ac.kr,5665916,13461342895,9971940,85268500,1097498150,635363900,1041664165
대전신학대학교,대학교,사립,대전,대덕구,www.daejeon.ac.kr,5956000,262337121,0,11637000,16055000,4072024,14389000
대진대학교,대학교,사립,경기,포천시,www.daejin.ac.kr,7256019,19669788827,56316400,71437000,1386752000,305396388,4470314029
덕성여자대학교,대학교,사립,서울,도봉구,www.duksung.ac.kr,7187575,10134349941,105177065,369311660,2500782110,240457212,1670939894
동강대학교,전문대학,사립,광주,북구,www.dkc.ac.kr,5464931,7370058802,6000000,14872000,81890000,32924378,1704430500
동국대학교,대학교,사립,"서울, 경북","중구, 경주시",www.dongguk.edu,7979547,25534470615,119155360,2066574360,4074305500,2297174270,7537068592
동남보건대학교,전문대학,사립,경기,수원시,www.dongnam.ac.kr,6540901,11298771149,16134800,99032174,1575687200,432976692,904459000
동덕여자대학교,대학교,사립,서울,성북구,www.dongduk.ac.kr,7456251,14024615027,85686660,302731730,3917242762,680848730,1651739710
동명대학교,대학교,사립,부산,남구,www.tu.ac.kr,7058139,22081794022,96092670,183174200,1464159560,314466978,5386262820
동서대학교,대학교,사립,부산,사상구,www.dongseo.ac.kr,6907327,27081831693,67729360,191300000,3435675150,530242382,2998561475
동서울대학교,전문대학,사립,경기,성남시,www.du.ac.kr,6831273,14739835283,5816400,236290000,1278689000,686118122,1698198000
동신대학교,대학교,사립,전남,나주시,www.dsu.ac.kr,6733888,18594192708,111900000,296820000,236620670,322254112,5712032210
동아대학교,대학교,사립,부산,사하구,www.donga.ac.kr,7078779,47365966523,211647005,963835600,7563398680,1013198079,2338322407
동아방송예술대학교,전문대학,사립,경기,안성시,www.dima.ac.kr,7350814,9097826425,66665400,80950000,875972400,102753510,567784200
동아보건대학교,전문대학,사립,전남,영암군,www.duh.ac.kr,4907622,4100876809,3638920,53400000,45333750,11043868,609044823
동양대학교,대학교,사립,경북,영주시,www.dyu.ac.kr,7233405,9819289885,219588300,476126000,898328800,117202760,2207968911
동양미래대학교,전문대학,사립,서울,구로구,www.dongyang.ac.kr/,6672432,16658966688,97644400,188920000,1302285250,1548946072,1594529908
동원과학기술대학교,전문대학,사립,경남,양산시,www.dist.ac.kr,5777479,7290640931,97000000,197139000,140987350,73424520,1124973600
동원대학교,전문대학,사립,경기,광주시,www.tw.ac.kr,6871817,8790874444,4463300,40056000,297943500,132360636,1857351434
동의과학대학교,전문대학,사립,부산,부산진구,www.dit.ac.kr,6309081,14171710110,44719280,76192248,434428650,88866090,2475167770
동의대학교,대학교,사립,부산,부산진구,www.deu.ac.kr,6616457,38729024330,106533400,284805800,5504416160,1189144020,3410238546
두원공과대학교,전문대학,사립,경기,안성시,www.doowon.ac.kr,6480433,6206699879,8300000,114856800,377733700,109298834,1209950900
루터대학교,대학교,사립,경기,용인시,www.ltu.ac.kr,6334500,1019223012,0,2500000,21105000,31334028,174726810
마산대학교,전문대학,사립,경남,창원시,www.masan.ac.kr,5885696,15093591930,18952640,189228000,991456660,382494000,2633062350
명지대학교,대학교,사립,"서울, 경기","용인시, 서대문구",www.mju.ac.kr,8126888,29252760810,139240400,360354000,2904103500,920188802,8697218180
명지전문대학,전문대학,사립,서울,서대문구,www.mjc.ac.kr,6580480,19979269144,116446560,115952550,505327600,914565676,1864188065
목원대학교,대학교,사립,대전,서구,www.mokwon.ac.kr,7297250,19488083046,52911920,118477000,1826163160,527511034,3561973303
목포가톨릭대학교,대학교,사립,전남,목포시,www.mcu.ac.kr,6539000,1784424900,0,163670000,395273320,4947950,55043800
목포과학대학교,전문대학,사립,전남,목포시,www.msu.ac.kr,5741669,8929066818,0,324635000,95479500,236159670,998263340
목포대학교,대학교,국립,전남,무안군,www.mokpo.ac.kr,3887172,17548929010,467713280,451772422,1428669970,718855040,765009700
목포해양대학교,대학교,국립,전남,목포시,www.mmu.ac.kr,3404767,4431159850,37798780,389672000,733264000,137059990,424995810
문경대학교,전문대학,사립,경북,문경시,www.mkc.ac.kr,5899100,3060761522,85722480,21850000,144218000,31745408,98846300
배재대학교,대학교,사립,대전,서구,www.pcu.ac.kr,7282058,18810956459,37040800,94284680,1263794580,514449396,3844664930
배화여자대학교,전문대학,사립,서울,종로구,www.baewha.ac.kr,6038476,7048089865,1050300,88873000,763596000,100828050,472254594
백석대학교,대학교,사립,충남,천안시,www.bu.ac.kr,7917546,29654832334,12531280,247080900,4165567000,258749806,3834114620
백석문화대학교,전문대학,사립,충남,천안시,www.bscu.ac.kr,6862914,12050397633,10100000,99775000,608359500,159638992,1915991530
백제예술대학교,전문대학,사립,전북,완주군,www.paekche.ac.kr,7554457,2953313233,0,4000000,278398800,43050000,176175500
부경대학교,대학교,국립,부산,남구,www.pknu.ac.kr,4035531,31529438625,107467410,1399974911,3183755660,1776576100,2457559480
부산가톨릭대학교,대학교,사립,부산,금정구,www.cup.ac.kr,6850820,12906880524,36793120,126755000,1130582334,359324734,1614524000
부산경상대학교,전문대학,사립,부산,연제구,www.bsks.ac.kr,5762475,11398026503,7562840,25810000,66251850,151020052,2825620000
부산과학기술대학교,전문대학,사립,부산,북구,bist.ac.kr,6080328,9512471180,27484880,120600000,507964000,67163886,2421516800
부산대학교,대학교,국립,부산,금정구,www.pusan.ac.kr,4464815,36080650047,1008221310,2370819580,6035027000,1603041028,2212544880
부산여자대학교,전문대학,사립,부산,부산진구,www.bwc.ac.kr,5964228,6782479263,2214880,72054400,189312600,179538128,1016023520
부산예술대학교,전문대학,사립,부산,남구,www.busanarts.ac.kr,6168139,2081163436,0,24479000,54820000,20732582,509718450
부산외국어대학교,대학교,사립,부산,금정구,www.bufs.ac.kr,6280817,14715901853,33178880,195326000,1043986000,841941110,3371620367
부산장신대학교,대학교,사립,경남,김해시,www.bpu.ac.kr,5815145,625810761,0,35400000,38147000,15362234,80105000
부천대학교,전문대학,사립,경기,부천시,www.bc.ac.kr,6669357,23755129356,10819880,84423930,1689348380,680751606,2739329440
삼육대학교,대학교,사립,서울,노원구,www.syu.ac.kr,7830281,13489174356,270258065,432805625,1239860150,1396958708,2573870460
삼육보건대학교,전문대학,사립,서울,동대문구,www.shu.ac.kr,5794464,2978323575,3966400,36053500,359470900,183282540,379624900
상명대학교,대학교,사립,"충남, 서울","종로구, 천안시",www.smu.ac.kr,7960516,26388785807,79254780,354981020,6437066033,1240634797,3746890210
상지대학교,대학교,사립,강원,원주시,www.sangji.ac.kr,7245284,12914879512,353868220,405485650,868770100,115018408,3964681746
서강대학교,대학교,사립,서울,마포구,www.sogang.ac.kr,7999996,10785411833,123255220,2310428800,766461000,1853849029,1174686606
서경대학교,대학교,사립,서울,성북구,www.skuniv.ac.kr,7966242,13599330651,25370160,79904000,1812351133,883396012,2416506212
서라벌대학교,전문대학,사립,경북,경주시,home.sorabol.ac.kr/,5889400,1640081620,0,30700000,87257000,22873950,347766500
서영대학교,전문대학,사립,광주,북구,www.seoyeong.ac.kr,5551303,15948845435,1500000,58830000,505346000,118524480,2233426975
서울과학기술대학교,대학교,국립,서울,노원구,www.seoultech.ac.kr,5465375,19160438296,117293480,615596237,2260015210,1720973354,5412628020
서울기독대학교,대학교,사립,서울,은평구,www.scu.ac.kr,7468537,960595083,2795400,104692960,119230000,50070874,37854300
서울신학대학교,대학교,사립,경기,부천시,www.stu.ac.kr,7209330,7906749582,2600600,137332500,308738700,248996818,647012760
서울여자간호대학교,전문대학,사립,서울,서대문구,www.snjc.ac.kr,6410350,1654401424,35000000,2768400,296322000,51636760,339203200
서울여자대학교,대학교,사립,서울,노원구,www.swu.ac.kr,7593345,15610111835,160214780,543806620,1742762950,584592485,1501444849
서울예술대학교,전문대학,사립,경기,안산시,www.seoularts.ac.kr,8212185,7795343888,87060000,180810000,997726000,680182912,770515400
서울장신대학교,대학교,사립,경기,광주시,www.sjs.ac.kr,7531198,1338301937,0,30930000,113673832,83155052,248769900
서원대학교,대학교,사립,충북,청주시,www.seowon.ac.kr,6954290,17719178442,237220260,309150100,1568859200,1011904788,4200691710
서일대학교,전문대학,사립,서울,중랑구,www.seoil.ac.kr,6090480,15373378397,10816400,116743830,1828047970,405325813,756849620
서정대학교,전문대학,사립,경기,양주시,www.seojeong.ac.kr,6289153,18826319277,18515500,31796000,246838600,535629363,7071800519
선린대학교,전문대학,사립,경북,포항시,www.sunlin.ac.kr,5834875,6186658103,0,54000000,307558800,75957988,768857300
선문대학교,대학교,사립,충남,아산시,www.sunmoon.ac.kr,7598499,24098603212,108151920,2328969615,1464533500,596747612,7123753709
성결대학교,대학교,사립,경기,안양시,www.sungkyul.ac.kr,7251329,11908906277,34661200,84130000,2587805118,655605334,2174899953
성공회대학교,대학교,사립,서울,구로구,www.skhu.ac.kr,7089425,5538534102,59604280,28218750,571358350,96458738,523501360
성균관대학교,대학교,사립,서울,종로구,www.skku.edu,8448561,25039205982,174514710,4349096820,9440796200,2004076107,10974191528
성신여자대학교,대학교,사립,서울,성북구,www.sungshin.ac.kr,7935790,18305180821,210243800,511850230,6487048500,819813363,1935088400
성운대학교,전문대학,사립,경북,영천시,www.sw.ac.kr,5084760,5314795451,0,16090900,0,4905624,1206118800
세경대학교,전문대학,사립,강원,영월군,www.saekyung.ac.kr,4977572,3009944690,257405000,236038000,76265500,27618460,288201100
세명대학교,대학교,사립,충북,제천시,www.semyung.ac.kr,6926388,18745070658,1371631480,253358400,2393847950,550085752,4760365970
세종대학교,대학교,사립,서울,광진구,www.sejong.ac.kr,7944926,20824060653,7000000,517880350,2789413500,936536722,4707400930
세한대학교,대학교,사립,전남,영암군,www.sehan.ac.kr,7090896,8807419377,1508000,160400000,428533400,79393936,1802317300
송곡대학교,전문대학,사립,강원,춘천시,www.songgok.ac.kr,5469243,1713859871,73365000,4250000,134838800,67586644,490304950
송원대학교,대학교,사립,광주,남구,www.songwon.ac.kr,6584458,8930593871,4500000,66600000,265788750,115138224,2893977360
송호대학교,전문대학,사립,강원,횡성군,www.songho.ac.kr,5946982,2187320292,82902500,37800000,114854000,46636640,340364555
수성대학교,전문대학,사립,대구,수성구,www.sc.ac.kr,5908989,10839547863,0,73068000,640511000,91446832,2801134600
수원가톨릭대학교,대학교,사립,경기,화성시,www.suwoncatholic.ac.kr,5097000,232217550,0,300604000,28543200,0,464736250
수원과학대학교,전문대학,사립,경기,화성시,www.ssc.ac.kr/index.jsp,5608023,8944848468,7505400,127325000,1154441000,105363886,1563169500
수원대학교,대학교,사립,경기,화성시,www.suwon.ac.kr,7557824,17974135256,19604280,171375000,6417733000,407316464,1834311000
수원여자대학교,전문대학,사립,경기,수원시,www.swc.ac.kr,6740692,9361158118,4572960,49730000,747752667,449123820,882963930
숙명여자대학교,대학교,사립,서울,용산구,www.sookmyung.ac.kr/,8137769,18634797835,102503080,1467521910,5584630000,1401364316,2691414932
순천대학교,대학교,국립,전남,순천시,www.scnu.ac.kr/scnu/main.do,3951411,14165403066,174723160,281982810,1755559500,298039479,562369350
순천제일대학교,전문대학,사립,전남,순천시,www.suncheon.ac.kr,5462590,7461008846,0,39500000,228898000,67543180,1499060000
순천향대학교,대학교,사립,충남,아산시,http://www.sch.ac.kr/,7873075,26997495380,22973600,833085157,4933229380,655004060,5797432450
숭실대학교,대학교,사립,서울,동작구,www.ssu.ac.kr,7975234,26630755304,440970630,2229799222,3338774600,1110621976,7438767130
숭의여자대학교,전문대학,사립,서울,중구,www.sewc.ac.kr,5967168,8562798661,16558500,55585000,863018270,485443784,605849050
신구대학교,전문대학,사립,경기,성남시,www.shingu.ac.kr,6667323,16635974528,8302800,153969700,1163067900,602105662,1435146200
신라대학교,대학교,사립,부산,사상구,www.silla.ac.kr,6771033,20906561865,65987000,198922750,1948302750,382826400,3190559307
신성대학교,전문대학,사립,충남,당진시,www.shinsung.ac.kr,6544617,8802275358,6053760,183550000,293886500,106380522,1476802810
신안산대학교,전문대학,사립,경기,안산시,www.sau.ac.kr,6649736,7282713930,86214100,118650000,325019000,15856260,1589314500
신한대학교,대학교,사립,경기,"동두천시, 의정부시",www.shinhan.ac.kr/,8786286,17121248319,1124416400,202232600,2388990000,328420846,2987999240
아신대학교,대학교,사립,경기,양평군,www.acts.ac.kr,6568264,1610688049,0,52525500,89194000,95148398,138549000
아주대학교,대학교,사립,경기,수원시,www.ajou.ac.kr,8312532,18189793046,43261960,1196988150,3886133105,1613440010,3839130772
안동과학대학교,전문대학,사립,경북,안동시,www.asc.ac.kr,5847905,6389777583,5213720,84191600,472621250,65853752,1315935070
안동대학교,대학교,국립,경북,안동시,www.andong.ac.kr/main/index.do,3748928,12873838841,187337020,375811200,1668790020,286824814,303533800
안산대학교,전문대학,사립,경기,안산시,www.ansan.ac.kr,6082384,11507585119,57361350,112510050,1011196050,36175864,1362357907
안양대학교,대학교,사립,"인천, 경기","안양시, 강화군",www.anyang.ac.kr/main.do,7684028,11305669109,21034600,91541400,2297116350,741123708,1446085447
여주대학교,전문대학,사립,경기,여주시,www.yit.ac.kr,6998739,10758362547,8746300,777050000,597783700,26623880,1152423150
연성대학교,전문대학,사립,경기,안양시,www.yeonsung.ac.kr,6503345,17063073719,118851490,164939000,856260000,419731682,2590118680
연세대학교,대학교,사립,"강원, 서울","서대문구, 원주시",www.yonsei.ac.kr,9012272,29642519763,318693880,5171268260,10253048080,2175644086,4746030929
연암공과대학교,전문대학,사립,경남,진주시,www.yc.ac.kr,5562859,3185956897,11179000,23150000,501630000,40057855,198303300
연암대학교,전문대학,사립,충남,천안시,www.yonam.ac.kr,6244519,4237082540,3719280,84000000,313348000,113120410,129824280
영남대학교,대학교,사립,경북,경산시,www.yu.ac.kr,7461513,54010997840,132613260,1535399100,10259596300,647894575,5118833280
영남신학대학교,대학교,사립,경북,경산시,www.ytus.ac.kr,6166000,1490038313,0,34600000,19577000,30744172,203897000
영남외국어대학,전문대학,사립,경북,경산시,www.yflc.ac.kr,5576023,68043093,1438000,2200000,69219000,7455362,489891500
영남이공대학교,전문대학,사립,대구,남구,www.ync.ac.kr,6231339,16149856181,2877120,101957408,595945000,507448374,4884638693
영산대학교,대학교,사립,"경남, 부산","양산시, 해운대구",www.ysu.ac.kr,6526152,15987716774,156005330,93081160,523272200,74391706,3186523860
영산선학대학교,대학교,사립,전남,영광군,www.youngsan.ac.kr,2000000,0,0,41200000,0,0,74000000
영진전문대학교,전문대학,사립,대구,북구,www.yju.ac.kr,6207720,21576403943,786480,198309700,1648421844,383021560,4645316660
예수대학교,대학교,사립,전북,전주시,www.jesus.ac.kr,6846218,1536768718,0,30150000,151322000,11191392,121850000
예원예술대학교,대학교,사립,"전북, 경기","임실군, 양주시",www.yewon.ac.kr,8354876,2107059580,3000000,30851600,267173500,18568976,2107200000
오산대학교,전문대학,사립,경기,오산시,www.osan.ac.kr,6743620,10732970524,4284400,49776000,1844491570,26915396,1252417010
용인대학교,대학교,사립,경기,용인시,www.yongin.ac.kr,7735746,14045826152,91410350,257291800,1867604000,152541788,2106459500
용인예술과학대학교,전문대학,사립,경기,용인시,www.ysc.ac.kr,6961508,7413308002,63870710,44620000,727710240,52214978,1146414140
우석대학교,대학교,사립,전북,완주군,www.woosuk.ac.kr,6937845,17916614584,44447250,243106580,1118374750,214471229,2603145750
우송대학교,대학교,사립,대전,동구,www.wsu.ac.kr,7227702,23984516769,93984690,168824370,6792234140,3840406241,2232845881
우송정보대학,전문대학,사립,대전,동구,www.wsi.ac.kr,6045608,10768576385,3517520,138663000,310773350,79734190,2101061035
울산과학대학교,전문대학,사립,울산,동구,www.uc.ac.kr,6140343,12068626407,50500000,547700000,825423000,199401748,1440115620
울산대학교,대학교,사립,울산,남구,www.ulsan.ac.kr,7333644,23878536382,366519670,4031785249,3558888320,797567556,2266839934
원광대학교,대학교,사립,전북,익산시,www.wonkwang.ac.kr,7496520,34291734084,334166830,789981412,2698288002,327558002,6515399908
원광보건대학교,전문대학,사립,전북,익산시,www.wu.ac.kr,6218431,14208631789,383625500,80338800,776985600,159069493,1684173250
위덕대학교,대학교,사립,경북,경주시,www.uu.ac.kr,7335519,7358916002,145491380,65816000,566370700,44004706,3651637367
유원대학교,대학교,사립,충북,영동군,www.u1.ac.kr,7251423,9668873144,18800000,65234000,820924000,80168956,4539033300
유한대학교,전문대학,사립,경기,부천시,www.yuhan.ac.kr,6067839,13119837206,12355560,279920500,1446354000,526348940,268733330
을지대학교,대학교,사립,"경기, 대전","중구, 성남시, 의정부시",www.eulji.ac.kr,8529148,9252238715,286065960,215846900,2013563200,326560395,1014051100
이화여자대학교,대학교,사립,서울,서대문구,www.ewha.ac.kr,8742198,21635351365,295379200,3541570208,7760643790,584908560,4957050470
인덕대학교,전문대학,사립,서울,노원구,www.induk.ac.kr,6756417,17245379867,65280100,178528000,850058900,513078900,556834050
인제대학교,대학교,사립,"경남, 부산","김해시, 부산진구",www.inje.ac.kr,7275811,20153857383,64137200,673407820,2306160900,591890074,3015619485
인천가톨릭대학교,대학교,사립,인천,"연수구, 강화군",www.iccu.ac.kr,8162869,1498106547,6026750,111899500,258747750,41818802,498474296
인천재능대학교,전문대학,사립,인천,동구,www.jeiu.ac.kr,6420630,10223737246,8013800,42672480,518070000,93740024,1546619310
인하공업전문대학,전문대학,사립,인천,미추홀구,www.inhatc.ac.kr,6764947,18675749920,47718070,75270000,1413391140,1383134972,2624992820
인하대학교,대학교,사립,인천,미추홀구,www.inha.ac.kr,7770597,34434296536,195595610,2117185005,5660237400,3070685327,5940432590
장로회신학대학교,대학교,사립,서울,광진구,www.puts.ac.kr,6657667,1986300680,6000000,100073000,175625300,80991440,99914100
장안대학교,전문대학,사립,경기,화성시,www.jangan.ac.kr,6382692,8170749212,0,27677000,809791000,34421938,1927635240
전남과학대학교,전문대학,사립,전남,곡성군,www.cntu.ac.kr,5180678,11890375082,3000000,52100000,122400000,110508968,1548138490
전남대학교,대학교,국립,"광주, 전남","북구, 여수시",www.chonnam.ac.kr,4157180,38033591209,65197240,2066858190,6150780810,638283968,1995409860
전북과학대학교,전문대학,사립,전북,정읍시,www.jbsc.ac.kr,5422773,5485653518,0,30160000,196017000,84547192,1038246810
전북대학교,대학교,국립,전북,전주시,www.jbnu.ac.kr,4431726,34351535543,372101960,1457508000,4767599750,1677322090,2235872570
전주기전대학,전문대학,사립,전북,전주시,www.kijeon.ac.kr,6300684,6171219290,2254000,44836000,82950000,145514265,1468289760
전주대학교,대학교,사립,전북,전주시,www.jj.ac.kr,7021326,31304748782,678645140,734651480,1460470500,1095967748,5371941075
전주비전대학교,전문대학,사립,전북,전주시,www.jvision.ac.kr,6234028,10459366427,2000000,105952260,240598350,59351738,2002316760
제주관광대학교,전문대학,사립,제주,제주시,www.jtu.ac.kr,4908232,5060935087,650000,55100000,108244550,65428818,766740632
제주국제대학교,대학교,사립,제주,제주시,www.jeju.ac.kr,5837838,557234037,2000000,44488000,125662000,20404228,838794250
제주대학교,대학교,국립,제주,제주시,www.jejunu.ac.kr,3977333,18280748101,376769120,821742640,1964738200,1134207224,1138541440
제주한라대학교,전문대학,사립,제주,제주시,www.chu.ac.kr,5162560,12073877950,68936760,90500000,565247010,234038810,1509271665
조선간호대학교,전문대학,사립,광주,동구,www.cnc.ac.kr,5309438,1737416678,3147000,10000000,192709600,1613692,64684250
조선대학교,대학교,사립,광주,동구,www.chosun.ac.kr,7109852,46910124796,21090300,696104800,6688450450,444491784,5316094039
조선이공대학교,전문대학,사립,광주,동구,www.cst.ac.kr,5604515,8058820169,4500000,16500000,173560500,48357690,1544674000
중부대학교,대학교,사립,충남,금산군,www.joongbu.ac.kr,7246231,18974455440,18535700,102243000,2461706500,1038817700,3370495160
중앙대학교,대학교,사립,"서울, 경기","안성시, 동작구",www.cau.ac.kr,8176408,40502751210,367924300,3575523018,9308987000,1782267640,6525822082
중앙승가대학교,대학교,사립,경기,김포시,admission.sangha.ac.kr,1760000,116746680,0,204052000,8850000,0,24090000
중원대학교,대학교,사립,충북,괴산군,www.jwu.ac.kr,7446498,6960413024,24984940,33444400,1239055500,75714120,8185242660
진주보건대학교,전문대학,사립,경남,진주시,www.jhc.ac.kr,5912294,7979703370,7390160,65500000,403049900,56933240,1404180000
차의과학대학교,대학교,사립,경기,포천시,www.cha.ac.kr,7156301,5914447439,15904560,94221020,472643120,154658356,1145914842
창신대학교,대학교,사립,경남,창원시,www.cs.ac.kr,6406668,5061487940,10543560,937356797,367562200,110495804,625615770
창원대학교,대학교,국립,경남,창원시,www.changwon.ac.kr,3876810,15281098354,29173900,556703380,1662818800,1092419286,1009213840
창원문성대학교,전문대학,사립,경남,창원시,www.cmu.ac.kr,5853324,4568656262,8220000,36150000,383390000,51552328,758647000
청강문화산업대학교,전문대학,사립,경기,이천시,www.ck.ac.kr,7036156,10897012107,17772760,414432852,673570400,371579390,253485000
청암대학교,전문대학,사립,전남,순천시,ca.ac.kr,5547607,6437201081,0,76936000,450624700,60380954,1195545530
청주대학교,대학교,사립,충북,청주시,www.cju.ac.kr,7658347,23269151198,56996260,356776500,6603685340,333068660,3111834750
초당대학교,대학교,사립,전남,무안군,www.cdu.ac.kr,6665781,8013397885,0,208780000,300464920,60361720,3659203120
총신대학교,대학교,사립,서울,동작구,www.chongshin.ac.kr,6973645,4516869848,36500000,273039000,372468200,277163342,239924900
추계예술대학교,대학교,사립,서울,서대문구,www.chugye.ac.kr,8815848,2474516480,20049000,34963000,423332000,74042000,148302500
춘해보건대학교,전문대학,사립,울산,울주군,www.ch.ac.kr,6134831,7797535564,100000000,90135000,737665000,155102826,365690000
충남대학교,대학교,국립,대전,유성구,www.cnu.ac.kr,4364968,26831587895,90999220,1164827440,5769514700,1300081965,2244287820
충북대학교,대학교,국립,충북,청주시,www.chungbuk.ac.kr,4289666,25363954939,108593230,1097545570,4595690860,2441512395,2301473920
충북보건과학대학교,전문대학,사립,충북,청주시,www.chsu.ac.kr,6190483,6415539747,7619520,53300000,401829540,53261158,956017180
충청대학교,전문대학,사립,충북,청주시,www.ok.ac.kr,5963169,9066499692,15918960,90930000,434553290,189663855,1283849360
칼빈대학교,대학교,사립,경기,용인시,www.calvin.ac.kr,7610778,884332362,1395000,40540000,42110000,53535278,960899800
평택대학교,대학교,사립,경기,평택시,www.ptu.ac.kr,7576066,7725997603,9500000,120680000,1210968000,182744106,1640577100
포항공과대학교,대학교,사립,경북,포항시,www.postech.ac.kr,5613500,3688230827,0,349592800,90200000,466586468,3617737340
포항대학교,전문대학,사립,경북,포항시,www.pohang.ac.kr,6141852,4977507081,83049000,76700000,161410000,81892496,839409664
한국골프대학교,전문대학,사립,강원,횡성군,www.kg.ac.kr,7930000,1296454500,44570000,31900000,89885500,6900000,537152600
한국공학대학교,대학교,사립,경기,시흥시,www.kpu.ac.kr,9034616,14322056487,40607360,382633680,3605099519,815379428,3441700700
한국관광대학교,전문대학,사립,경기,이천시,www.ktc.ac.kr,6295502,4553145218,2100600,14217220,162929300,55787758,1146559584
한국교원대학교,대학교,국립,충북,청주시,www.knue.ac.kr,3179374,3744759218,23645810,192385400,311288500,907818232,151343480
한국교통대학교,대학교,국립,충북,충주시,www.ut.ac.kr,4110184,16591627661,64972150,187557650,3573412950,1080320244,1040851360
한국국제대학교,대학교,사립,경남,진주시,www.iuk.ac.kr,6428953,597186879,17300000,4000000,198691000,1619876,951498170
한국기술교육대학교,대학교,사립,충남,천안시,www.koreatech.ac.kr,4495823,7413629341,4206350,81139880,2192235160,2003141978,1713963000
한국성서대학교,대학교,사립,서울,노원구,www.bible.ac.kr,7111110,2960755637,42000000,57246800,263449000,289944500,525399400
한국승강기대학교,전문대학,사립,경남,거창군,www.klc.ac.kr/klc/main/main.php,7013300,1931485870,2706750,22296000,240974000,15656272,261496700
한국영상대학교,전문대학,사립,세종,장군면,www.pro.ac.kr,6250725,9735067277,4396680,112611800,830373600,281070116,758668660
한국외국어대학교,대학교,사립,서울,동대문구,www.hufs.ac.kr,7184492,26385548788,345594690,2030094210,3934482750,737767044,4592131375
한국체육대학교,대학교,국립,서울,송파구,www.knsu.ac.kr/,3859865,4555852889,30285500,197838000,2026784000,44230566,140000000
한국침례신학대학교,대학교,사립,대전,유성구,www.kbtus.ac.kr,6047489,5308123134,0,325209885,91893500,80272472,146256220
한국항공대학교,대학교,사립,경기,고양시,www.kau.ac.kr,8510869,7236805067,114405010,473249070,1541941000,855327285,1923265190
한국해양대학교,대학교,국립,부산,영도구,www.kmou.ac.kr,3723612,12250456382,158005710,1210978200,1896743500,214196418,318909450
한남대학교,대학교,사립,대전,대덕구,www.hannam.ac.kr,7234996,28914419092,74522570,208469650,3253505220,567720724,4534483086
한동대학교,대학교,사립,경북,포항시,www.handong.edu,7122951,11301710418,23719280,960569230,912977100,959708294,1250052900
한라대학교,대학교,사립,강원,원주시,www.halla.ac.kr,7157954,7753531671,157694950,129810400,1432486850,109583004,1365346310
한림대학교,대학교,사립,강원,춘천시,www.hallym.ac.kr,7540804,18227593230,288542850,455298300,4534824150,611987100,2775086570
한림성심대학교,전문대학,사립,강원,춘천시,www.hsc.ac.kr,5741603,8047162173,68170000,61276000,732140370,507962292,1199537750
한밭대학교,대학교,국립,대전,유성구,www.hanbat.ac.kr,4471034,17081783928,81922120,267120580,2423346040,1388654152,817537760
한서대학교,대학교,사립,충남,서산시,www.hanseo.ac.kr,7970722,16021582644,114307900,108731000,3524025000,322422736,3275851650
한성대학교,대학교,사립,서울,성북구,www.hansung.ac.kr,7778890,15439385376,55257210,228806700,1441031250,1772106629,3961912032
한세대학교,대학교,사립,경기,군포시,www.hansei.ac.kr,8154076,6316497650,25108500,94102000,771886000,117843548,1928188300
한신대학교,대학교,사립,경기,오산시,www.hs.ac.kr,7246246,12415987837,31667600,261164000,1956469020,777129658,1031260900
한양대학교,대학교,사립,"서울, 경기","성동구, 안산시",www.hanyang.ac.kr,8543761,27157028127,258973960,2559634520,3530476200,1559617342,14421228016
한양여자대학교,전문대학,사립,서울,성동구,www.hywoman.ac.kr,6189253,17917173144,22246400,155133050,2032876270,275404666,1287440498
한영대학교,전문대학,사립,전남,여수시,www.hanyeong.ac.kr,5611605,3424037092,0,0,76860000,27476398,661850750
한일장신대학교,대학교,사립,전북,완주군,www.hanil.ac.kr,6428858,3367211154,2890000,56152600,139595000,48428576,801709000
협성대학교,대학교,사립,경기,화성시,www.uhs.ac.kr,7460014,10504331301,16000000,40800000,1489497239,314939104,967087218
혜전대학교,전문대학,사립,충남,홍성군,www.hj.ac.kr,5828352,7001190950,0,106307250,126498800,279306400,1328084425
호남대학교,대학교,사립,광주,광산구,www.honam.ac.kr,6580113,18451509764,39101860,152607300,2418907700,465936984,5271363840
호남신학대학교,대학교,사립,광주,남구,www.htus.ac.kr,6802844,1821457996,0,37158200,254425700,78869750,229687920
호산대학교,전문대학,사립,경북,경산시,www.hosan.ac.kr,5801199,4823620939,4402000,3400000,199400250,17510386,1460188310
호서대학교,대학교,사립,충남,아산시,www.hoseo.ac.kr,7761284,28201647866,475156680,289731540,4422236200,1873684248,5366079773
홍익대학교,대학교,사립,"세종, 서울","마포구, 조치원읍",www.hongik.ac.kr/,8431468,32583356967,50567180,959136530,17648206300,4354288864,6442353102
